65,29,35,41,98,112,51,68,33,29,83,96,140,38,0
65,29,35,41,101,111,54,66,32,27,88,92,139,35,0
68,30,36,40,100,111,52,66,32,28,88,92,139,37,0
67,29,35,41,104,111,55,67,31,29,84,95,139,38,0
67,29,35,42,101,112,54,66,31,29,79,96,140,37,0
66,28,34,41,99,112,51,65,31,28,82,91,140,36,0
67,30,34,42,99,112,52,67,32,29,79,96,141,40,0
69,31,37,44,103,113,55,68,32,30,77,96,143,41,0
69,30,37,46,105,114,57,69,31,29,72,92,145,41,0
75,34,42,49,104,115,57,77,34,34,70,90,147,41,0
85,41,49,50,100,116,57,93,43,46,71,103,149,51,0
85,41,49,48,81,117,51,96,43,51,56,85,150,52,0
81,34,42,36,67,118,44,86,41,44,44,70,150,44,0
83,38,45,47,80,117,48,89,42,47,64,84,150,49,0
86,44,53,56,99,117,61,104,50,60,72,111,149,71,0
85,41,53,55,102,116,62,107,55,67,73,133,147,81,0
74,36,46,50,102,114,56,101,53,66,75,139,145,83,0
73,35,43,48,107,113,59,107,55,72,79,141,143,85,0
75,39,50,57,119,112,68,103,53,65,79,130,142,75,0
77,40,53,57,119,111,65,100,49,59,78,118,140,66,0
74,37,47,54,115,110,62,88,44,51,84,124,138,67,0
76,37,46,57,126,109,68,88,46,54,93,124,136,62,0
83,42,55,63,133,109,70,80,40,40,119,112,134,43,1
82,40,53,60,119,107,62,73,35,31,134,95,133,31,1
66,30,36,44,80,107,41,65,29,25,105,74,132,28,1
61,26,30,34,70,106,35,62,28,22,97,72,131,24,1
61,26,30,37,68,106,35,62,28,22,105,69,131,23,1
62,25,29,37,69,106,36,62,27,22,104,64,131,21,1
67,31,36,45,94,107,48,61,27,21,116,70,131,23,1
77,37,51,57,128,108,64,65,31,24,138,77,132,25,1
84,45,62,72,146,109,72,69,35,29,150,92,133,30,1
85,45,63,71,146,111,74,69,33,29,150,92,135,30,1
82,40,52,64,127,112,69,70,32,28,149,89,139,30,1
73,35,42,51,92,114,51,72,33,29,108,79,142,31,0
76,36,40,39,75,115,45,86,39,41,65,75,145,37,0
80,37,46,45,82,116,47,91,41,46,65,77,147,42,0
74,36,43,46,79,117,45,81,38,41,72,80,147,39,0
68,31,37,43,104,112,54,67,32,29,88,87,139,33,0
66,29,35,42,111,112,57,66,31,27,95,86,139,30,0
67,31,37,44,113,112,58,67,31,29,91,86,139,32,0
69,32,39,46,113,112,58,67,31,28,78,85,139,35,0
69,32,38,45,111,112,60,66,31,27,68,77,139,32,0
69,32,38,45,111,112,58,69,31,29,76,86,140,36,0
68,31,35,44,108,112,59,71,33,32,83,102,141,45,0
68,32,38,45,109,113,59,71,34,32,77,99,143,43,0
75,36,44,50,106,114,59,74,33,34,69,80,146,38,0
81,41,50,56,111,116,62,76,34,35,64,73,147,41,0
89,45,58,61,114,117,67,86,43,45,76,102,149,52,0
86,43,50,50,94,118,60,92,43,50,61,87,150,53,0
79,35,42,41,70,119,45,85,40,42,49,62,151,38,0
82,38,46,52,83,118,49,88,40,45,67,80,150,43,0
87,45,53,61,102,118,61,95,51,56,74,108,149,61,0
81,37,49,52,117,117,65,90,43,51,83,113,146,60,0
75,38,47,57,125,115,66,73,36,35,104,111,142,53,0
81,38,50,60,118,114,63,81,39,41,104,117,140,57,0
76,37,49,57,120,112,62,84,41,46,100,125,138,63,0
75,36,46,55,121,110,63,85,41,47,95,113,136,49,1
79,38,50,60,124,109,62,78,39,43,107,108,135,47,1
81,40,54,61,120,108,62,76,36,36,119,107,133,46,1
84,42,55,64,122,107,62,74,36,31,127,100,132,38,1
83,41,56,63,126,106,62,71,34,30,127,91,131,33,1
70,33,39,47,89,105,48,68,30,25,110,81,130,29,1
66,29,33,42,76,105,40,64,30,24,102,77,130,26,1
66,30,35,42,74,105,38,65,30,24,105,77,129,26,1
63,28,34,40,72,106,36,63,28,22,105,74,129,24,1
66,29,36,42,81,106,42,61,28,22,111,70,129,21,1
73,34,43,52,101,107,51,63,27,22,128,76,130,24,1
87,46,60,70,142,109,72,69,33,26,154,91,132,28,1
91,46,66,75,154,110,79,72,35,29,155,94,134,31,1
85,44,57,66,141,112,74,71,33,28,157,95,139,31,1
78,37,46,53,100,114,56,74,35,32,111,83,143,32,0
78,37,43,43,68,116,40,82,38,40,64,71,146,39,0
81,38,45,50,76,118,43,89,40,44,70,78,148,42,0
81,39,45,47,70,119,42,89,41,45,65,72,149,41,0
72,34,41,47,113,113,59,66,30,27,89,82,139,30,0
75,35,44,52,122,113,61,68,31,28,88,84,139,30,0
72,34,43,49,118,112,61,69,31,29,83,90,139,34,0
71,33,40,46,111,112,59,68,31,29,70,83,139,33,0
71,33,39,45,106,112,54,68,30,27,59,75,139,33,0
71,34,40,47,108,112,57,69,31,30,59,75,140,34,0
76,37,45,53,114,112,62,74,34,35,73,92,141,43,0
75,38,48,51,113,113,62,77,37,38,81,110,143,53,0
79,39,49,54,112,114,63,78,38,40,74,103,145,54,0
85,44,55,59,122,116,75,79,38,38,61,84,147,47,0
92,46,58,63,124,118,73,81,36,38,60,83,148,44,0
91,46,56,61,105,119,64,83,38,40,64,87,150,47,0
87,42,52,60,101,119,58,78,37,37,69,84,151,45,0
85,40,51,59,102,119,60,81,38,42,76,86,150,45,0
84,42,50,57,106,118,62,86,46,48,70,95,149,53,0
78,38,48,55,115,117,63,77,36,38,92,98,145,43,0
73,37,46,55,114,116,57,66,28,26,95,78,141,26,1
76,37,47,53,114,113,58,66,30,27,108,74,137,26,1
78,38,52,59,121,111,60,66,30,26,120,79,135,29,1
78,39,53,62,118,109,57,66,28,25,104,68,133,26,1
76,38,50,58,109,107,55,68,31,27,114,81,132,29,1
80,40,52,59,107,106,54,70,32,30,125,90,131,31,1
82,42,56,65,119,105,59,71,33,30,127,90,130,31,1
82,41,54,64,123,105,63,71,33,31,124,91,130,31,1
69,33,39,47,91,104,47,67,31,27,109,85,129,30,1
62,27,30,38,68,104,37,67,29,25,99,76,129,27,1
61,27,29,35,67,105,36,63,28,22,103,74,129,24,1
67,28,34,41,79,105,39,63,29,23,109,74,129,24,1
69,32,40,45,91,106,45,65,30,25,117,74,129,25,1
74,36,45,55,119,107,58,65,29,25,134,81,130,26,1
85,44,59,66,148,108,74,69,32,27,152,91,132,28,1
90,48,64,70,153,110,78,72,34,29,157,94,135,28,1
85,44,57,64,135,113,69,70,33,27,148,89,139,27,1
75,35,44,53,100,114,53,71,34,30,106,76,143,30,0
79,39,47,50,89,117,49,83,38,38,82,76,147,39,0
81,39,45,50,79,119,46,87,39,42,74,80,149,43,0
80,36,43,39,82,121,47,86,41,43,60,77,150,40,0
74,36,47,53,121,113,61,66,31,28,96,88,139,33,0
78,40,48,57,126,113,66,64,30,26,80,76,139,29,0
72,32,42,46,112,113,59,67,30,28,72,84,139,32,0
72,33,40,45,109,113,58,71,32,32,70,87,139,35,0
72,33,39,46,109,112,58,68,31,29,66,76,140,34,0
71,29,39,44,111,112,59,67,30,26,66,67,140,29,0
72,33,40,46,113,112,60,70,31,30,74,79,141,33,0
75,35,44,48,117,113,63,71,33,34,76,90,143,38,0
76,37,45,52,121,115,67,70,34,33,72,77,144,36,0
81,39,50,57,114,117,65,71,32,32,67,69,146,33,0
77,38,46,55,92,119,55,76,34,36,63,72,147,35,0
75,36,43,44,77,120,47,82,37,41,59,77,149,40,0
77,34,41,45,89,120,49,81,37,38,65,84,150,38,0
80,37,46,51,97,119,53,82,38,40,70,94,150,44,0
81,39,48,54,100,117,59,83,40,42,74,95,148,46,0
77,37,46,52,113,116,58,72,34,32,96,87,144,35,1
74,34,46,55,101,114,50,66,29,26,98,71,139,25,1
80,42,56,62,120,112,60,67,32,27,124,77,135,26,1
76,37,51,60,117,110,57,67,30,25,119,78,133,26,1
78,37,51,60,110,108,52,64,27,23,99,63,132,22,1
77,37,51,59,104,107,51,66,31,25,110,76,131,26,1
76,38,49,56,98,106,49,70,32,28,120,91,130,31,1
78,38,51,59,107,105,54,70,33,30,122,92,130,32,1
76,37,48,58,107,104,54,71,32,29,120,91,129,31,1
72,33,40,48,92,104,48,69,32,28,112,85,129,28,1
70,31,38,44,89,104,46,69,31,26,112,84,129,28,1
71,33,40,47,92,105,47,66,30,25,119,82,129,27,1
70,34,42,48,87,105,46,65,30,25,116,80,129,26,1
72,34,44,48,102,106,51,66,30,26,119,79,130,26,1
78,38,50,58,116,107,60,70,32,27,138,84,131,29,1
90,45,61,69,151,109,77,71,33,26,154,91,132,29,1
89,46,62,70,152,110,79,69,34,27,156,92,135,29,1
82,41,54,58,129,112,67,73,35,29,144,92,139,33,1
68,31,35,44,78,114,45,70,34,29,108,77,144,31,0
77,34,42,45,77,116,42,80,37,37,78,69,147,34,0
80,39,44,47,72,119,43,87,39,41,69,73,149,40,0
81,36,47,49,83,121,46,82,38,39,69,72,150,35,0
75,35,48,51,113,113,61,70,31,30,97,93,140,38,0
73,37,43,52,116,113,63,66,28,26,74,73,140,28,0
72,34,42,47,111,113,60,67,29,29,64,78,140,32,0
74,34,41,47,111,113,58,73,32,33,70,92,140,40,0
70,33,39,46,114,113,58,66,31,28,71,85,141,35,0
71,33,39,44,104,113,57,69,31,29,74,83,141,34,0
72,37,44,48,102,113,55,72,35,34,79,89,142,41,0
76,35,44,50,109,114,56,68,33,31,82,88,143,34,0
74,35,43,50,116,116,66,65,30,27,77,79,144,32,0
75,35,42,47,97,118,52,73,33,33,65,72,145,34,0
75,33,39,36,62,120,39,81,37,38,51,65,147,34,0
73,36,40,35,59,121,37,87,40,46,51,72,149,41,0
77,37,43,43,69,120,41,89,42,47,56,79,150,44,0
81,38,45,47,79,118,49,90,42,47,65,88,149,47,0
83,40,49,55,114,116,60,79,38,39,89,91,147,41,0
82,40,53,58,124,115,63,67,32,27,112,80,143,29,1
80,37,50,60,117,113,58,65,29,24,113,71,138,24,1
79,40,54,61,135,111,66,66,31,25,115,73,134,25,1
73,37,48,56,114,109,54,65,29,24,106,66,132,24,1
71,33,45,53,98,107,46,64,27,24,96,62,131,22,1
70,35,44,51,91,106,43,68,30,25,104,73,130,26,1
72,34,41,49,76,106,39,70,31,27,113,84,130,31,1
78,37,49,55,93,105,48,70,31,27,118,89,129,31,1
73,36,45,54,96,105,50,70,32,27,119,89,129,29,1
70,31,40,46,92,105,48,68,32,27,105,82,129,30,1
75,38,47,54,103,105,53,66,32,27,126,87,129,28,1
72,32,44,51,100,105,53,65,29,25,110,81,129,26,1
66,32,38,44,92,106,47,64,28,23,109,70,130,25,1
69,30,40,47,88,107,44,65,29,23,114,68,130,22,1
73,34,43,50,97,108,49,69,32,27,125,79,131,25,1
82,41,55,64,134,109,70,70,32,27,141,81,133,27,1
82,42,56,63,133,110,70,70,35,29,142,89,136,29,1
74,35,44,45,102,112,55,78,40,34,133,92,140,33,0
66,30,33,39,68,114,35,78,39,34,98,78,144,29,0
75,34,42,47,90,116,50,78,35,36,74,74,147,37,0
79,39,46,51,89,118,51,85,40,42,81,79,148,40,0
82,38,46,55,97,120,50,77,36,36,91,74,149,34,0
75,37,45,48,112,113,61,75,33,36,83,99,140,45,0
72,34,40,48,111,113,59,67,31,28,79,78,141,33,0
71,34,44,49,115,113,60,68,30,28,67,71,141,31,0
75,35,43,48,116,114,61,68,30,30,72,80,142,33,0
74,35,44,49,112,114,60,71,33,33,75,92,142,37,0
71,34,42,47,103,114,52,74,37,37,90,97,143,42,0
71,33,43,46,91,114,48,78,40,41,100,106,143,47,0
73,36,44,48,89,115,46,73,36,34,102,95,144,42,0
72,35,43,49,107,117,55,70,32,29,92,77,145,28,0
75,36,40,42,86,120,48,77,33,36,62,70,146,35,0
73,33,38,32,55,121,33,81,37,39,44,60,147,36,0
76,37,42,36,62,122,40,92,43,50,50,72,149,44,0
80,39,46,44,72,120,44,93,46,53,58,79,150,46,0
82,39,47,47,84,118,52,91,43,50,68,93,149,49,0
83,41,51,56,120,115,66,78,37,37,102,89,146,39,0
85,43,58,66,139,114,70,70,33,28,128,84,141,28,1
82,42,54,63,131,112,64,71,31,27,126,78,137,25,1
78,40,51,59,124,109,59,68,30,25,110,73,134,25,1
74,37,49,54,109,108,52,65,29,24,98,68,132,24,1
70,34,43,50,90,106,42,66,28,24,95,65,131,22,1
70,33,42,49,78,106,37,69,31,26,100,70,131,25,1
67,31,38,43,59,106,32,71,35,28,106,80,130,28,1
68,30,35,41,81,107,40,73,36,31,114,88,130,30,1
67,32,38,43,92,107,48,71,34,29,118,85,130,28,1
67,30,34,42,81,107,41,67,29,24,101,71,130,24,1
69,33,41,48,107,106,53,63,28,23,110,75,130,24,1
73,35,44,53,110,107,55,64,29,23,120,71,130,22,1
72,34,43,51,101,107,51,64,28,22,124,67,130,20,1
70,31,39,49,97,108,49,63,26,21,124,66,131,19,1
71,34,42,49,97,108,50,65,29,22,125,74,132,22,1
72,33,44,51,109,109,55,65,27,23,117,68,133,23,1
74,34,42,47,102,111,54,71,35,30,113,86,137,32,0
76,36,44,47,88,112,48,81,42,41,101,89,140,37,0
78,38,46,56,97,114,54,79,39,36,103,91,144,42,0
85,41,53,64,110,116,61,83,39,43,89,88,146,41,0
84,41,52,60,108,118,60,84,40,43,93,90,147,41,0
81,41,49,61,109,120,58,79,39,38,97,86,148,36,0
76,35,48,50,103,113,57,79,36,40,83,102,141,51,0
72,35,43,48,103,113,57,72,34,33,78,84,142,38,0
72,34,42,46,105,114,55,71,33,32,75,89,143,37,0
72,33,39,47,108,114,57,68,31,31,73,93,143,36,0
70,33,39,47,109,114,56,70,32,34,77,98,144,40,0
70,33,42,46,105,115,54,71,34,34,85,95,145,40,0
70,34,42,47,97,115,54,73,35,35,98,92,145,38,0
71,34,42,47,102,116,54,72,34,33,99,86,146,35,0
73,35,43,49,106,119,56,70,34,31,91,82,146,30,0
78,36,40,42,85,121,45,81,36,38,54,70,147,36,0
73,35,38,35,56,122,35,83,39,41,45,59,148,38,0
78,38,43,39,64,122,41,92,45,53,52,77,150,47,0
80,40,47,44,76,121,46,95,47,53,61,83,150,47,0
82,39,47,49,92,118,56,89,43,49,74,97,149,50,0
84,42,55,60,129,115,66,73,36,32,113,88,145,35,1
89,46,63,72,146,113,74,73,35,28,143,89,141,27,1
86,45,61,68,133,111,66,72,34,29,133,87,136,29,1
81,41,57,63,123,109,62,69,31,27,114,81,134,27,1
77,38,50,56,105,107,52,68,30,27,106,79,132,25,1
70,32,42,47,86,106,41,65,29,26,94,68,131,24,1
71,33,40,48,87,106,41,68,31,26,100,73,131,25,1
70,33,40,46,83,107,40,68,34,28,114,81,131,27,1
71,33,41,48,73,108,37,73,38,32,120,84,131,28,1
69,32,42,45,81,108,41,71,36,29,110,78,131,26,1
64,29,31,38,76,109,40,65,27,22,107,66,131,20,1
72,32,40,52,109,108,53,63,27,23,122,74,131,22,1
80,39,54,63,137,108,68,65,30,23,138,88,131,28,1
78,39,51,61,139,109,70,66,30,23,141,87,131,27,1
75,36,47,57,118,109,61,65,29,24,125,71,131,21,1
74,36,46,53,116,110,58,64,27,22,124,74,132,25,1
75,37,47,55,109,110,59,72,33,30,113,81,134,30,0
83,43,54,57,108,111,60,79,41,40,94,91,136,43,0
85,43,55,62,110,113,63,83,41,42,92,91,140,45,0
83,40,52,63,107,115,56,79,35,37,98,78,143,31,0
78,41,50,62,97,116,50,74,34,31,96,77,145,35,0
81,38,51,66,100,118,55,75,33,33,97,79,146,34,0
82,42,52,59,100,119,58,78,38,37,88,87,147,41,0
77,38,48,46,112,113,61,90,47,54,80,121,142,68,0
83,42,50,52,91,113,59,81,38,41,64,89,144,51,0
78,35,43,43,89,114,53,79,37,40,70,105,144,52,0
69,32,37,48,116,115,65,76,36,37,84,118,145,51,0
74,34,41,49,100,115,59,77,36,37,75,97,146,44,0
78,36,43,50,96,116,54,78,33,35,56,91,146,43,0
71,33,40,44,92,116,54,74,32,32,59,89,147,42,0
76,34,42,49,114,118,61,74,34,34,75,95,148,41,0
75,37,44,52,109,120,58,74,36,36,78,90,148,38,0
81,37,42,40,72,122,41,84,37,42,47,64,149,36,0
75,35,41,36,59,123,37,87,42,46,47,65,150,41,0
82,38,45,40,68,123,41,95,46,53,56,78,150,46,0
85,40,47,47,76,121,48,95,46,51,62,89,150,48,0
81,40,47,52,97,118,60,86,40,46,79,98,149,49,0
81,41,53,61,133,115,68,69,35,29,105,86,145,31,1
92,45,61,67,145,113,73,68,33,27,126,83,141,25,1
78,41,50,54,112,112,54,67,31,27,92,62,137,20,1
71,33,41,40,76,110,38,66,29,26,78,46,134,17,1
75,36,43,46,93,108,44,64,31,27,100,64,132,20,1
75,37,46,53,115,107,55,66,31,26,114,74,132,26,1
76,38,49,55,113,107,56,69,31,28,105,82,131,28,1
78,37,48,54,128,108,63,67,32,29,105,94,131,31,1
80,40,51,59,133,109,67,67,31,27,115,94,131,31,1
80,40,53,62,134,110,62,65,32,23,118,80,132,27,1
71,30,37,41,84,110,47,62,28,21,115,71,132,21,1
72,32,41,53,117,110,56,63,28,23,126,82,132,25,1
81,40,54,63,131,110,67,70,33,29,121,89,132,31,1
83,42,55,60,134,110,68,74,35,33,117,92,132,34,0
81,40,52,58,118,110,65,77,36,34,111,87,132,37,0
77,38,49,52,97,111,54,77,37,36,97,76,132,32,0
76,37,44,52,97,111,55,71,33,31,100,82,134,36,0
81,40,52,58,109,112,59,75,36,34,99,82,136,36,0
83,42,49,55,91,114,52,81,38,38,87,72,139,35,0
81,37,46,47,78,115,44,86,40,43,71,73,142,37,0
81,38,45,47,85,117,46,83,39,39,71,70,144,33,0
77,34,44,50,87,118,46,75,32,35,82,68,145,28,0
74,36,41,42,79,119,44,77,37,36,69,70,146,35,0
86,46,60,60,97,113,55,109,60,77,95,153,143,91,0
90,47,57,58,93,114,60,90,45,50,61,96,145,56,0
84,40,50,45,83,114,47,88,40,49,65,95,146,49,0
70,34,37,47,108,115,62,75,37,39,77,122,147,55,0
79,33,48,48,103,116,56,105,48,58,87,113,147,54,0
166,95,99,100,137,116,67,201,111,137,122,133,146,65,0
154,73,99,88,102,117,59,145,76,86,100,103,148,55,0
88,42,50,54,106,118,57,85,37,44,67,92,148,43,0
76,37,44,53,107,121,60,79,37,38,76,83,149,39,0
77,33,40,34,62,123,35,83,37,39,42,62,150,36,0
76,36,39,35,60,123,40,90,43,47,47,70,150,43,0
83,39,46,43,71,123,42,96,46,53,57,82,151,48,0
86,40,48,49,82,120,49,93,45,51,65,88,150,49,0
84,39,49,53,106,118,60,84,39,42,85,97,149,50,0
82,42,55,64,131,115,65,66,32,26,107,86,145,32,1
89,45,65,67,135,114,68,66,31,25,113,80,141,27,1
72,35,42,42,91,113,41,64,27,24,64,53,137,21,1
60,26,26,20,29,111,17,63,25,22,31,22,135,10,1
62,27,31,26,35,110,21,64,26,23,43,38,133,14,1
73,35,44,47,85,109,45,66,28,24,82,69,132,23,1
77,38,49,57,122,109,62,66,30,28,92,90,132,30,1
80,39,50,59,131,109,67,67,32,29,82,98,131,36,1
80,40,52,60,137,110,70,66,32,30,85,97,131,36,1
79,41,52,61,129,110,66,68,31,28,104,88,132,33,1
76,35,45,51,106,110,56,73,33,33,102,82,132,31,0
81,38,46,56,108,110,59,76,37,37,100,90,132,36,0
82,41,52,58,116,110,63,77,38,38,101,99,132,42,0
83,41,52,57,116,110,64,82,40,43,94,98,132,41,1
80,38,49,54,121,111,65,77,35,33,110,90,132,33,1
71,33,39,46,114,111,59,69,29,25,112,73,132,26,1
64,29,33,39,85,112,45,63,27,22,107,64,134,21,1
71,32,38,49,95,113,50,67,29,26,107,69,135,24,1
77,37,45,49,83,114,47,79,36,37,81,67,138,29,0
80,37,44,43,74,116,43,86,40,43,67,66,140,35,0
81,38,46,50,84,118,48,81,38,36,77,71,142,35,0
79,37,46,55,85,119,46,76,34,33,76,70,144,34,0
75,36,42,47,70,119,39,78,36,35,64,68,145,32,0
79,42,54,49,76,114,44,113,60,81,97,161,144,93,0
87,46,55,52,94,114,55,95,51,56,62,96,145,65,0
88,43,53,48,86,115,52,98,46,59,71,94,147,49,0
72,34,38,46,109,115,61,79,38,39,75,125,147,55,0
76,38,46,61,114,116,64,101,58,56,88,134,147,62,0
207,105,140,116,163,117,79,254,129,173,156,191,147,92,0
190,107,127,123,144,117,75,196,117,128,134,157,147,74,0
99,45,63,60,119,118,61,88,35,46,77,91,147,41,0
74,37,43,52,82,120,56,80,39,39,63,75,149,36,0
76,33,39,32,56,122,34,84,37,43,41,61,151,36,0
80,37,42,37,64,123,44,92,44,52,50,71,152,43,0
82,40,46,44,71,123,44,92,44,50,59,81,150,46,0
85,41,48,50,88,120,52,91,44,50,67,90,150,50,0
86,40,51,52,102,118,62,91,43,49,74,99,148,48,0
83,40,49,53,117,116,66,83,41,44,83,96,145,41,0
83,41,52,55,120,114,64,80,39,40,90,90,141,36,0
81,39,48,49,107,113,55,76,35,35,78,84,137,36,0
71,35,41,41,93,113,52,72,32,31,68,80,135,37,0
69,33,38,39,94,112,51,72,34,34,76,75,134,35,0
75,36,43,48,100,111,56,78,37,40,80,81,133,33,0
82,40,51,56,120,110,64,77,38,40,82,97,132,38,0
82,41,52,57,126,110,65,75,37,36,87,96,131,42,0
80,40,50,57,116,110,63,79,38,38,88,102,131,44,0
81,39,48,53,108,110,60,81,37,41,84,88,131,39,0
74,36,41,47,92,110,51,72,32,30,85,77,131,35,1
67,31,34,42,83,109,47,70,32,30,93,75,132,29,1
72,32,41,49,108,109,55,71,32,31,115,80,132,26,1
76,37,46,57,125,110,66,69,30,25,131,80,131,27,1
76,37,49,59,119,110,61,67,29,23,134,75,131,23,1
71,33,43,51,105,111,51,64,27,21,124,68,132,20,1
64,26,32,38,76,112,41,62,25,19,109,61,133,19,1
66,30,34,45,88,113,45,62,27,22,116,71,135,22,1
74,37,47,57,118,114,58,69,31,28,113,80,137,28,0
70,33,40,42,86,116,47,76,33,33,71,71,139,31,0
75,34,41,43,64,118,38,79,35,36,58,65,141,32,0
79,39,46,46,74,119,43,82,38,40,65,70,143,36,0
77,37,43,46,80,119,44,77,35,34,73,68,144,33,0
73,37,43,45,85,114,52,99,51,64,86,135,145,79,0
88,44,56,53,93,115,56,94,46,53,65,94,146,56,0
88,42,52,54,94,115,57,90,43,50,76,88,147,46,0
72,35,39,50,106,116,59,77,37,40,82,108,147,46,0
80,42,47,61,107,116,60,100,56,55,84,106,147,50,0
175,87,120,101,126,116,68,198,97,131,122,149,147,71,0
162,92,107,105,143,117,73,172,90,110,109,154,146,80,0
90,42,60,63,118,118,63,75,38,36,96,82,147,37,0
75,37,42,47,91,119,51,81,37,39,62,74,148,35,0
74,33,40,34,62,121,37,84,41,44,47,64,149,39,0
80,38,45,40,71,122,44,96,47,55,54,75,150,48,0
83,40,47,46,74,121,45,91,44,49,60,80,150,44,0
83,40,48,51,108,120,57,84,41,45,76,97,148,49,0
78,37,46,53,105,118,62,73,34,31,84,86,145,36,0
72,35,43,45,75,115,44,70,31,29,73,69,142,32,1
72,34,42,45,87,114,46,74,34,33,72,78,140,34,1
77,38,47,54,117,113,63,79,37,38,95,88,137,37,1
81,40,51,56,116,113,64,80,39,40,105,91,135,35,1
82,41,51,57,111,112,57,78,37,38,106,92,134,36,1
81,41,50,57,114,112,62,75,36,35,112,95,133,40,1
81,41,52,60,115,111,63,76,37,35,115,95,132,40,1
85,42,55,62,125,110,69,77,37,36,119,90,131,35,1
79,37,45,54,112,109,57,69,32,29,113,77,130,30,1
68,30,37,44,87,109,46,63,28,23,96,68,130,25,1
63,27,30,38,79,108,42,64,26,21,95,61,130,19,1
62,25,30,37,73,108,40,62,25,19,99,58,130,17,1
65,27,34,43,80,108,46,64,25,20,122,66,130,20,1
68,31,37,48,98,108,48,63,27,20,125,64,130,19,1
63,27,35,44,87,109,44,62,27,20,128,60,130,17,1
63,27,32,44,82,110,41,61,26,20,132,63,131,17,1
61,28,30,43,76,111,42,62,25,19,116,58,132,18,1
66,30,37,45,95,112,49,62,27,21,123,72,133,21,1
78,38,50,61,126,114,66,67,30,24,135,81,135,26,1
76,38,50,63,122,116,62,70,32,30,109,79,137,30,0
74,35,40,50,92,117,49,74,33,33,81,67,139,28,0
79,39,45,53,84,118,45,79,38,37,76,70,141,31,0
79,38,46,54,101,118,56,76,34,33,81,78,143,36,0
85,42,52,54,101,115,57,91,45,53,84,109,145,60,0
90,44,56,58,101,115,59,88,44,49,79,98,147,55,0
88,42,51,60,104,116,60,83,39,42,77,97,148,49,0
78,38,45,61,107,116,57,75,34,35,82,88,148,41,0
78,36,44,56,102,116,53,78,35,34,71,73,147,36,0
84,40,49,63,101,116,54,101,48,54,98,81,147,39,0
96,48,59,69,106,117,59,102,48,57,89,84,146,38,0
81,39,47,59,108,117,55,72,37,33,95,83,146,31,0
76,36,44,48,87,118,48,80,37,41,64,76,146,37,0
76,37,44,44,74,119,43,84,40,44,56,76,147,42,0
80,38,46,45,76,120,44,88,42,47,60,82,147,46,0
81,38,47,48,84,119,50,86,42,46,68,85,146,44,0
80,39,48,53,108,118,61,82,39,41,86,97,145,46,0
73,34,40,45,103,117,54,66,30,27,70,66,143,24,1
61,26,26,19,43,115,25,61,25,21,38,33,140,14,1
64,28,30,25,67,114,31,64,27,23,67,44,138,13,1
75,36,45,53,119,113,59,68,30,25,120,75,137,23,1
79,38,51,59,125,113,64,69,32,26,140,87,135,29,1
77,37,48,55,106,112,56,68,34,28,132,88,134,30,1
75,36,45,53,107,111,52,66,32,28,130,85,132,27,1
77,38,46,56,118,111,61,68,32,26,136,87,131,27,1
82,41,51,62,123,110,60,67,33,26,152,89,130,29,1
74,35,44,53,103,109,50,63,29,23,129,78,130,25,1
62,27,31,41,79,108,40,61,27,19,113,64,129,19,1
63,27,30,41,79,107,42,62,25,20,105,65,129,20,1
63,26,29,37,77,107,41,62,25,19,104,61,129,19,1
62,25,28,37,69,107,35,61,24,18,103,58,129,15,1
61,25,28,36,69,107,35,59,24,19,99,58,129,16,1
61,25,28,37,72,107,37,61,25,20,104,61,129,18,1
62,25,30,40,77,108,40,62,25,20,115,61,130,17,1
60,27,30,41,79,109,40,62,25,19,112,59,130,19,1
67,30,35,46,89,111,46,63,26,21,120,65,132,20,1
79,39,49,58,125,113,62,67,30,24,143,90,133,25,1
81,42,56,65,135,114,69,69,32,27,142,90,135,30,1
76,40,50,60,121,116,60,67,32,26,111,79,137,28,1
75,36,45,53,103,117,52,71,32,28,88,70,140,28,0
79,38,46,52,89,117,49,75,36,35,84,73,142,35,0
75,36,44,53,89,116,49,83,41,44,82,95,147,45,0
79,39,47,56,95,116,54,88,44,48,81,92,149,48,0
83,39,48,54,95,117,54,88,44,49,75,90,149,45,0
82,39,48,53,93,117,54,85,41,45,75,81,149,44,0
83,41,50,57,98,116,57,87,43,45,71,85,148,43,0
82,40,49,59,106,116,57,80,39,43,91,97,147,44,0
80,39,47,58,108,116,59,78,39,40,86,101,146,47,0
80,39,46,57,106,117,56,80,39,40,86,98,145,46,0
78,38,46,52,97,117,56,82,43,43,78,96,145,46,0
82,39,47,53,92,118,54,89,44,50,71,92,144,46,0
81,40,47,55,89,118,52,88,43,48,74,94,144,45,0
80,39,49,53,100,118,55,83,41,43,77,96,143,44,0
80,39,49,55,120,117,63,74,35,36,98,92,142,36,0
77,37,47,54,124,115,63,63,31,25,104,72,140,23,1
72,36,44,50,103,114,53,66,30,25,93,60,138,23,1
79,37,47,52,106,113,53,64,30,24,106,73,137,22,1
81,39,51,59,134,112,68,66,31,26,129,78,135,25,1
85,42,57,64,141,111,71,68,31,27,138,88,134,26,1
81,40,52,60,133,111,65,69,32,27,139,88,132,29,1
74,37,45,54,112,110,55,66,31,26,131,78,131,25,1
75,37,46,54,120,109,61,66,31,25,137,84,131,27,1
78,39,50,60,117,108,60,68,33,27,153,94,130,29,1
78,38,48,58,107,108,56,66,32,27,145,91,130,29,1
68,31,36,46,82,107,43,65,28,23,127,77,129,24,1
62,28,32,45,79,107,40,64,28,22,117,72,129,23,1
65,28,33,42,79,106,41,63,27,21,113,69,128,22,1
63,26,28,38,74,106,38,61,25,20,99,60,128,17,1
60,25,28,36,75,106,40,63,25,20,104,60,128,17,1
61,26,29,37,76,106,39,62,26,20,104,61,128,20,1
62,26,27,39,77,107,40,62,26,20,104,59,128,18,1
62,26,29,39,75,108,38,63,26,19,108,64,129,19,1
65,29,31,42,84,109,46,63,27,21,114,64,130,20,1
75,37,46,54,116,111,59,66,30,25,139,87,131,25,1
80,40,52,59,131,113,66,68,32,28,142,86,133,28,1
77,39,50,58,119,115,58,65,30,26,118,76,135,26,1
73,36,44,51,93,116,47,67,30,25,83,68,137,24,0
80,36,44,46,80,116,47,78,34,36,73,67,139,30,0
81,40,49,45,75,117,48,94,46,55,63,89,148,51,0
81,39,47,48,84,118,51,90,43,48,66,87,150,49,0
80,37,45,44,75,118,47,91,44,51,59,80,151,46,0
81,37,46,42,73,118,47,95,44,55,55,85,150,50,0
84,41,49,50,93,117,56,91,45,50,72,97,150,52,0
81,38,47,57,117,117,61,77,35,36,87,93,148,39,0
77,35,43,50,111,117,57,75,35,35,81,91,147,36,0
76,36,44,51,111,117,57,74,36,35,80,91,146,35,0
75,37,45,50,108,117,58,71,33,32,81,92,145,37,0
75,36,43,52,113,117,58,72,33,35,80,97,144,41,0
78,40,48,56,102,117,58,81,41,43,84,101,142,48,0
83,40,50,55,107,117,62,82,39,40,84,93,141,44,0
81,40,53,61,134,116,70,71,33,28,114,81,139,30,1
83,43,58,66,138,115,70,68,31,25,116,77,138,24,1
84,43,56,63,133,114,65,67,32,27,104,81,136,27,1
75,37,46,54,127,112,62,62,31,26,104,79,135,25,1
77,35,47,52,119,111,59,64,30,24,119,75,133,24,1
79,37,48,56,114,110,58,64,30,23,122,71,132,22,1
75,37,48,53,118,109,58,66,29,23,120,77,131,25,1
66,33,39,48,109,108,56,64,29,23,118,74,130,22,1
75,37,46,54,110,108,56,67,31,25,139,83,130,25,1
74,37,48,58,116,107,55,69,33,27,150,94,129,28,1
78,37,49,57,111,107,53,72,33,28,154,91,129,29,1
74,35,43,54,99,106,50,65,31,25,136,84,129,27,1
70,31,39,46,80,106,41,64,28,23,125,78,128,25,1
71,33,39,49,97,106,47,66,28,22,118,76,128,22,1
67,27,33,42,83,105,44,62,24,20,101,65,128,19,1
63,27,30,39,79,105,41,61,25,20,104,62,128,18,1
63,27,31,41,84,106,43,62,25,20,105,61,128,19,1
64,27,31,39,79,106,41,62,27,20,107,61,128,19,1
64,28,31,42,87,107,44,63,26,20,111,65,128,19,1
67,28,35,45,87,108,46,63,27,21,120,67,129,21,1
70,32,39,49,100,110,50,63,28,23,122,69,130,22,1
70,35,42,49,102,112,52,66,28,23,119,75,132,24,1
76,37,48,61,113,113,58,67,30,24,118,78,133,27,0
76,36,41,49,91,114,48,71,31,28,79,63,135,29,0
76,34,42,43,79,115,45,80,35,37,69,69,137,36,0
81,40,48,44,76,118,50,97,47,58,57,90,149,54,0
82,39,45,44,79,119,48,90,43,50,59,83,152,52,0
81,38,46,43,71,119,47,92,46,53,59,83,153,48,0
88,42,52,46,79,118,50,105,51,63,62,91,152,54,0
89,42,52,52,94,118,59,93,45,53,74,98,151,54,0
81,38,47,58,120,118,59,68,32,30,86,93,150,38,0
73,32,41,48,103,117,53,67,29,28,82,88,149,34,0
71,32,38,47,108,118,56,68,30,27,78,89,147,32,0
73,35,41,49,114,118,59,69,29,28,81,89,146,32,0
76,36,44,55,117,118,57,72,32,30,84,95,144,37,0
78,39,46,55,106,117,58,79,39,39,86,99,143,43,0
78,37,46,53,116,117,61,73,34,32,90,93,141,36,0
73,34,44,52,112,116,57,65,31,25,97,88,138,32,0
72,32,40,47,111,115,56,65,32,24,95,84,137,29,0
68,31,38,44,113,114,56,64,32,25,98,82,135,28,0
68,31,36,44,112,112,53,63,30,24,90,77,134,27,0
69,29,36,42,98,110,46,64,27,22,89,68,132,23,0
63,27,31,39,91,109,45,60,26,21,97,67,131,22,0
65,27,31,39,88,108,44,60,26,20,111,74,130,22,0
69,32,39,49,109,107,57,62,28,22,124,79,129,23,1
74,36,46,55,109,106,52,71,32,27,145,91,129,30,1
70,34,41,52,91,106,45,69,33,27,132,86,129,29,1
74,35,45,55,98,106,49,68,32,26,137,85,129,26,1
76,37,47,54,101,106,49,64,30,24,124,78,129,25,1
66,30,38,47,82,106,42,65,27,22,121,70,128,21,1
72,33,43,49,101,106,50,64,28,23,122,80,128,23,1
67,30,35,44,92,106,49,63,25,20,104,62,128,22,1
64,26,30,39,77,106,41,63,25,20,102,62,128,18,1
63,28,32,43,87,106,46,62,25,21,107,64,128,20,1
65,30,34,46,97,106,49,62,26,20,115,68,128,19,1
71,34,41,53,126,107,59,65,27,21,132,74,128,24,1
74,35,44,57,116,108,66,64,27,21,134,76,128,23,1
69,29,36,42,89,109,45,61,26,21,104,65,129,20,1
65,28,34,43,87,110,48,61,25,21,106,63,130,21,1
69,32,37,48,107,112,54,65,29,23,112,71,132,24,1
75,35,44,57,104,113,53,71,32,30,98,78,134,29,0
70,34,41,50,84,113,46,75,34,33,69,68,135,31,0
83,39,48,46,77,118,49,95,46,57,56,86,150,54,0
82,38,46,43,78,119,50,91,43,51,60,90,153,52,0
82,38,45,42,75,119,46,93,46,54,54,82,153,49,0
85,42,53,46,79,119,51,103,52,62,62,93,153,54,0
85,42,49,52,100,118,60,96,45,54,73,97,152,53,0
78,37,47,51,111,118,56,73,36,34,84,90,151,38,0
74,34,40,43,90,118,48,77,34,35,70,82,150,39,0
74,34,40,42,86,118,47,76,35,36,69,82,149,39,0
78,36,44,47,91,118,50,78,35,39,73,85,148,41,0
79,37,46,54,100,118,54,78,36,38,85,96,146,40,0
75,36,46,54,103,118,58,78,37,37,89,95,144,42,0
72,34,42,50,113,117,59,67,31,28,88,87,141,31,0
67,30,36,44,109,116,56,66,30,26,85,89,139,32,0
64,29,34,44,109,115,54,66,31,27,84,89,137,32,0
66,30,34,43,105,114,54,65,30,28,84,90,135,32,0
66,29,33,41,103,112,52,63,30,25,86,83,133,27,0
65,27,31,40,93,110,44,62,27,21,95,69,131,23,0
62,26,29,39,85,108,39,64,27,21,110,69,130,22,0
61,26,29,37,79,107,42,65,25,21,106,73,129,22,0
68,31,38,51,107,106,57,65,28,23,122,81,129,24,0
76,35,47,57,104,105,48,70,32,26,138,93,129,28,1
68,31,37,48,83,105,39,69,31,26,119,88,129,27,1
64,30,36,46,91,105,44,68,32,23,128,83,129,26,1
68,31,40,46,92,105,43,68,29,22,127,78,129,24,1
63,28,31,41,72,105,34,65,27,20,117,69,129,21,1
67,30,39,46,84,106,43,63,28,22,126,74,128,21,1
67,33,39,48,99,106,50,61,26,21,112,67,128,21,1
67,28,34,42,92,106,46,63,26,20,109,67,128,17,1
66,29,35,46,95,106,52,62,27,21,120,71,128,21,1
77,38,49,59,128,106,65,67,29,21,140,82,128,25,1
83,40,55,66,143,107,73,70,31,24,152,89,128,27,1
82,42,54,65,151,107,75,68,30,24,148,91,128,27,1
72,33,44,52,114,108,60,64,28,22,126,73,129,22,1
71,36,41,54,112,109,57,62,28,22,125,70,130,23,1
71,32,42,52,112,110,56,64,28,22,130,67,131,22,1
73,36,45,59,122,111,61,67,31,25,127,79,132,27,1
73,36,44,61,108,112,56,67,28,23,115,75,134,26,0
82,39,48,44,77,118,50,96,48,56,55,86,149,54,0
80,38,46,44,76,119,52,92,44,52,58,86,152,54,0
81,39,47,43,76,119,48,94,47,54,54,87,153,53,0
85,43,54,46,80,119,51,104,52,62,65,96,152,57,0
91,44,53,56,105,119,60,94,43,52,73,96,152,53,0
83,38,50,49,95,118,54,78,38,37,84,86,152,39,0
78,36,40,38,71,119,43,90,42,46,47,76,151,42,0
82,40,48,42,79,119,49,99,50,59,62,91,150,53,0
89,43,53,50,88,119,52,102,49,61,68,94,149,55,0
80,40,47,54,91,119,52,86,42,44,82,94,148,44,0
76,37,44,53,104,119,59,76,36,36,89,93,145,41,0
75,35,44,50,120,118,58,64,30,25,98,84,142,28,0
70,31,39,46,111,117,55,64,31,26,91,92,139,33,0
67,30,36,44,108,116,55,66,31,26,89,89,137,31,0
69,30,36,44,107,114,55,66,31,27,87,92,135,33,0
66,29,33,42,98,112,50,64,30,26,87,87,133,33,0
63,25,29,40,87,110,42,62,25,21,97,66,131,23,0
62,24,29,39,84,108,41,60,24,20,108,69,130,21,0
63,26,29,41,84,107,42,62,25,19,116,69,129,21,0
65,27,32,40,93,106,49,63,26,21,116,72,129,23,0
70,33,41,51,98,105,46,67,31,26,124,84,128,28,1
68,32,39,48,84,104,40,68,31,26,119,84,128,28,1
65,30,36,46,95,104,45,67,32,25,126,79,128,24,1
65,30,38,48,98,105,46,65,32,24,129,76,128,23,1
66,28,34,38,72,105,33,63,28,21,114,69,129,21,1
65,30,36,45,83,105,45,65,28,21,129,73,129,22,1
73,35,44,52,111,106,58,64,28,23,133,77,129,24,1
76,35,46,56,119,106,59,63,27,22,132,70,129,21,1
77,36,46,57,118,106,59,63,28,22,133,73,128,22,1
80,39,49,59,127,106,63,67,31,24,134,78,128,26,1
80,39,49,60,127,106,65,68,32,26,134,81,128,24,1
81,41,54,62,126,106,66,70,33,26,144,86,129,28,1
78,40,51,59,119,107,61,68,32,26,133,77,129,25,1
76,37,48,55,114,107,59,68,30,24,129,79,129,26,1
76,39,51,61,128,108,66,66,31,24,139,83,130,24,1
76,38,51,60,130,109,65,66,31,25,140,83,131,25,1
75,37,45,56,116,110,61,66,30,24,129,72,133,23,1
77,37,44,45,76,118,47,85,42,47,67,86,148,49,0
76,34,42,42,80,119,48,86,40,43,64,89,150,52,0
82,37,45,43,71,119,45,96,47,55,60,84,150,51,0
88,42,52,49,82,119,52,99,48,56,65,95,150,52,0
86,41,52,55,113,119,62,85,41,45,79,99,150,49,0
83,37,51,53,99,119,57,78,37,38,87,86,150,41,0
79,37,43,40,70,119,40,92,43,48,48,77,150,45,0
86,44,53,48,84,119,53,105,53,62,63,96,150,57,0
89,44,56,53,88,119,54,102,49,60,72,100,150,58,0
80,39,46,53,90,119,50,87,41,45,82,91,148,44,0
75,36,44,52,105,119,56,74,35,36,89,91,146,39,0
75,35,44,49,119,118,60,64,32,24,100,80,142,27,0
71,33,41,49,120,117,61,65,31,26,96,84,140,29,0
69,32,39,47,115,116,59,65,31,27,92,85,137,30,0
70,31,38,46,114,115,58,68,32,28,90,90,135,31,0
67,30,37,46,107,112,51,67,30,27,90,83,133,29,0
63,25,31,42,89,110,43,62,26,19,108,69,131,19,0
60,24,28,39,85,108,43,61,25,19,117,71,130,22,0
60,26,28,41,90,107,42,64,26,21,117,72,129,20,0
63,25,30,39,84,105,42,64,26,21,118,74,128,22,0
68,31,38,46,90,104,44,69,30,26,125,85,128,27,1
68,31,39,47,83,104,39,68,32,27,130,83,128,28,1
66,29,36,44,75,103,38,68,30,24,124,78,128,24,1
67,31,38,48,96,104,44,65,30,23,118,76,128,23,1
65,29,34,42,78,104,37,62,27,21,117,73,128,23,1
65,30,35,44,69,105,35,63,29,22,128,76,128,23,1
71,34,41,50,88,105,46,64,29,23,129,79,128,24,1
74,36,45,54,106,105,52,65,29,23,123,74,129,24,1
76,35,46,52,112,105,53,65,30,23,110,71,129,23,1
76,35,44,52,106,106,50,65,29,24,102,71,129,24,1
72,34,43,50,101,106,48,64,29,24,101,72,129,24,1
71,33,41,48,101,105,47,66,29,24,102,71,129,25,1
71,33,41,49,103,105,49,66,28,24,105,68,129,23,1
71,34,41,50,99,105,48,65,28,23,103,70,129,25,1
71,34,43,51,104,106,51,65,29,24,106,70,130,23,1
73,36,47,54,109,107,55,67,29,25,117,74,131,24,1
74,35,45,55,113,109,54,65,29,23,126,76,133,27,1
70,34,39,39,70,118,41,84,39,47,64,77,146,41,0
74,33,37,44,70,119,39,77,37,32,65,78,147,40,0
95,40,48,55,89,119,48,118,51,63,89,107,147,49,0
101,51,55,64,121,119,62,137,75,69,104,119,147,55,0
83,37,51,62,124,119,64,92,40,41,97,110,146,45,0
77,38,47,49,105,119,57,75,37,38,80,89,147,40,0
84,39,47,40,66,119,40,94,44,49,53,76,149,46,0
89,45,53,48,87,119,52,107,54,64,62,99,149,58,0
87,44,53,52,88,119,55,102,50,58,72,96,149,56,0
81,40,46,52,89,119,51,89,43,47,77,93,148,46,0
76,37,46,52,108,118,59,75,37,35,89,92,145,38,0
73,36,43,50,120,118,58,65,32,26,98,85,142,28,0
75,36,45,52,122,117,62,64,30,26,95,86,139,28,0
75,34,43,51,120,116,61,65,31,27,95,88,136,31,0
70,32,40,50,120,114,61,66,32,27,93,92,134,32,0
69,31,37,45,111,112,58,66,30,26,95,85,133,30,0
63,27,31,43,98,110,48,63,26,20,110,70,131,22,0
62,25,29,42,94,108,45,63,26,20,119,72,130,20,0
60,25,29,40,92,107,44,60,25,20,119,74,129,20,0
59,25,27,36,81,105,40,64,25,21,114,70,128,22,0
61,26,32,40,83,104,43,66,28,22,114,75,128,23,1
64,30,35,44,85,103,38,65,29,25,115,80,128,28,1
62,28,34,42,68,103,36,65,29,26,119,75,128,24,1
68,32,38,48,82,103,39,68,30,25,119,75,128,24,1
66,28,35,41,74,103,37,63,26,20,118,70,128,20,1
67,30,36,44,77,104,37,65,29,23,122,76,128,23,1
71,33,42,51,86,104,44,67,30,25,122,79,128,26,1
73,35,44,53,96,104,46,64,30,26,117,76,128,25,1
72,36,44,52,104,104,49,65,29,25,105,70,128,24,1
71,32,42,49,99,105,46,65,29,24,96,69,128,24,1
69,31,39,46,94,105,43,65,29,24,93,69,128,23,1
69,31,40,47,92,104,40,64,28,24,85,67,129,22,1
68,31,39,46,92,104,42,64,27,24,76,61,129,21,1
66,32,40,46,89,104,39,63,26,23,74,57,129,20,1
67,32,40,47,88,105,39,64,26,23,73,54,129,20,1
71,34,43,52,92,106,46,66,27,23,82,58,131,21,1
74,36,47,55,102,107,51,67,29,24,105,65,132,25,1
75,36,40,45,75,117,43,91,42,49,64,86,145,47,0
75,33,39,53,98,118,52,81,38,35,81,92,145,44,0
102,54,57,69,115,119,61,94,44,52,95,107,144,43,0
99,54,60,69,130,119,68,104,51,53,94,111,144,48,0
78,35,44,59,124,119,64,80,36,34,98,103,144,39,0
76,38,44,46,96,119,52,76,37,38,75,88,145,41,0
86,39,47,41,70,120,47,97,46,52,59,84,147,49,0
90,45,53,49,88,119,52,107,52,64,64,97,149,58,0
86,43,52,53,90,119,54,100,50,56,69,93,149,54,0
80,38,46,52,91,119,54,89,42,49,77,95,147,49,0
76,37,45,53,111,118,58,76,37,35,92,90,145,39,0
74,36,45,53,121,117,62,68,31,28,98,85,141,28,0
74,36,44,52,125,116,62,70,32,29,88,87,137,30,0
72,35,42,51,120,114,62,68,30,28,85,86,135,31,0
67,31,36,45,112,113,57,64,31,26,88,85,133,29,0
65,28,33,41,97,111,49,64,29,23,99,75,132,24,0
63,27,31,43,95,109,48,63,25,21,118,72,131,22,0
63,26,32,46,97,108,48,63,26,21,122,77,130,22,0
62,25,30,40,89,106,43,62,26,20,112,73,129,21,0
60,25,27,35,76,105,38,62,25,20,104,66,128,20,0
59,24,29,36,74,104,37,62,24,20,100,63,128,19,0
62,28,32,39,76,103,37,63,24,20,102,65,127,21,0
63,26,28,37,69,102,35,62,25,20,99,64,127,20,0
61,25,28,34,69,102,36,63,25,20,101,66,127,22,0
62,26,28,35,68,103,35,62,25,19,112,63,128,17,0
64,28,32,40,77,103,43,65,27,21,118,69,128,22,1
72,34,42,51,102,103,52,65,29,25,119,75,128,23,1
72,34,44,52,101,103,47,66,29,26,102,70,128,23,1
71,33,43,50,99,103,45,65,28,26,88,68,128,25,1
71,32,40,47,95,103,43,64,28,24,88,68,128,24,1
67,29,37,43,84,103,38,65,29,25,86,68,128,23,1
66,28,36,44,82,103,38,65,28,24,80,63,128,23,1
67,28,36,46,78,103,35,65,29,25,82,60,128,22,1
65,29,38,44,83,103,36,66,28,23,85,59,128,21,1
66,31,40,47,89,103,40,64,26,22,80,58,129,20,1
69,33,42,52,99,105,49,63,28,22,85,59,130,21,1
73,35,46,54,104,106,50,65,27,24,87,65,131,23,1
81,38,45,48,89,117,50,89,43,46,72,92,145,49,0
72,32,39,51,110,118,59,74,34,35,83,87,144,38,0
69,33,36,50,120,119,66,69,32,31,88,85,144,33,0
72,33,38,50,122,119,66,73,33,32,93,81,143,31,0
70,33,37,47,115,119,64,69,32,29,96,85,142,32,0
76,36,42,46,95,119,53,76,36,35,74,82,144,37,0
81,38,44,37,69,119,45,89,43,46,56,75,146,45,0
88,44,53,50,85,119,51,102,52,64,63,97,148,58,0
87,43,52,53,90,119,54,101,50,57,68,92,148,53,0
82,38,48,53,97,118,57,88,41,47,83,97,147,45,0
75,36,43,48,110,117,57,75,37,34,92,83,143,38,0
71,32,40,44,98,116,51,66,31,27,98,68,139,21,0
69,32,39,46,106,114,51,64,30,24,104,70,136,24,0
65,29,36,46,101,113,54,65,28,23,103,74,134,25,0
64,28,34,44,99,111,49,65,28,22,100,77,133,26,0
66,29,36,43,92,109,48,64,28,22,105,77,131,24,0
67,30,37,47,107,108,50,62,28,23,118,78,130,24,1
66,29,35,48,91,107,47,63,28,22,116,71,130,22,1
63,27,33,40,82,106,40,63,27,21,107,70,129,21,0
61,25,29,39,80,105,40,61,25,20,108,67,128,19,0
61,25,28,39,81,104,40,62,24,20,110,66,128,19,0
59,26,28,36,77,103,38,63,25,20,104,64,127,20,0
62,24,27,36,76,103,38,62,24,20,102,63,127,19,0
58,23,26,34,73,103,38,62,24,19,106,63,127,20,0
60,24,26,34,72,103,37,61,25,19,105,62,127,20,0
59,25,27,36,76,103,40,62,25,19,112,66,127,18,0
68,29,37,45,93,103,48,64,26,21,122,71,128,20,1
74,34,43,51,108,102,51,64,27,22,106,65,128,23,1
69,31,40,46,97,102,45,63,28,24,79,65,128,24,1
69,31,39,45,91,102,41,64,28,24,77,65,128,24,1
67,29,37,44,85,102,37,66,28,26,75,65,128,25,1
65,29,36,43,79,102,38,64,28,24,77,59,128,23,1
65,30,37,46,89,102,39,64,29,24,81,62,128,23,1
65,29,40,47,88,102,40,64,27,23,89,62,128,20,1
68,32,42,51,93,102,41,64,27,22,94,59,129,20,1
70,33,43,52,93,104,45,65,28,21,97,60,129,22,1
71,34,44,54,98,105,45,65,27,23,98,61,130,22,1
85,41,49,45,81,117,49,102,51,55,62,83,146,48,0
72,33,38,48,111,118,62,79,35,39,81,84,145,37,0
66,30,35,43,120,118,67,65,30,26,87,78,144,30,0
66,30,34,43,115,119,66,66,30,27,90,77,143,28,0
68,31,36,48,112,119,61,67,31,27,91,80,143,28,0
74,37,42,49,91,119,53,77,36,35,79,79,144,38,0
83,37,46,40,71,119,44,92,43,47,53,75,146,43,0
88,45,53,51,85,119,52,104,52,63,64,94,148,60,0
85,41,52,51,91,119,56,103,49,58,68,89,148,50,0
78,39,46,53,94,118,54,85,43,46,83,98,146,51,0
70,32,39,41,87,116,47,77,35,34,74,74,143,34,0
59,25,23,18,40,115,23,65,26,20,46,34,139,16,0
62,26,31,37,68,113,32,63,26,21,73,49,135,15,0
63,29,33,44,90,112,45,63,26,20,100,68,133,20,0
66,29,36,49,104,110,50,65,27,21,116,77,132,24,1
72,34,44,53,106,108,55,65,28,23,109,73,131,24,1
73,36,45,53,112,107,52,63,28,23,89,64,130,22,1
65,29,34,44,83,106,44,61,25,20,91,60,129,20,0
60,23,28,40,85,105,40,62,27,20,109,68,129,22,0
62,25,29,44,89,105,42,62,25,20,113,69,128,19,0
62,26,30,43,93,104,44,61,27,20,113,73,127,21,0
62,27,31,40,86,104,42,62,27,20,113,69,127,22,1
63,25,29,39,83,104,42,63,24,20,112,68,127,20,0
59,25,28,39,81,104,41,62,25,19,115,68,127,20,0
61,25,29,39,79,104,40,61,26,19,107,67,127,21,0
60,25,28,37,79,103,40,62,25,20,108,65,127,19,0
63,25,30,40,83,103,42,62,25,21,117,66,128,18,0
70,31,42,48,99,103,48,65,27,22,117,68,128,21,1
70,32,42,47,98,102,46,65,28,24,89,65,128,23,1
69,29,38,43,87,102,41,67,28,24,83,62,128,22,1
65,30,37,43,84,102,37,65,28,24,81,63,128,23,1
66,31,37,46,86,101,38,66,28,23,78,61,128,24,1
69,32,42,49,93,101,41,62,28,23,80,59,128,21,1
66,32,42,50,95,101,44,63,26,22,92,58,128,20,1
73,35,47,56,111,102,51,65,27,22,96,57,128,21,1
73,35,48,58,115,103,52,64,27,22,93,58,129,21,1
73,35,46,55,105,105,47,63,27,23,96,61,130,21,1
83,40,48,48,84,117,47,108,51,58,69,90,147,52,0
71,35,40,48,111,118,61,78,38,41,84,87,146,40,0
67,30,35,43,112,118,63,68,30,27,89,82,145,31,0
64,29,35,44,110,118,63,67,30,27,89,80,145,30,0
68,32,38,51,109,119,59,68,32,29,87,80,145,32,0
78,38,47,53,104,119,57,76,37,35,89,89,145,38,0
81,38,46,48,86,119,51,90,40,45,63,85,147,44,0
85,43,50,50,83,118,51,99,48,55,64,88,148,53,0
83,38,49,54,92,118,53,93,44,51,73,89,148,46,0
79,39,47,56,95,118,53,85,42,44,86,99,147,49,0
68,31,36,40,79,117,46,78,34,35,78,75,144,32,0
57,24,23,18,43,115,24,62,24,19,37,39,140,16,0
60,25,26,32,65,114,32,62,24,18,65,49,137,17,0
63,27,33,42,95,112,48,63,26,20,105,68,134,20,0
67,30,37,50,106,110,50,64,28,21,125,80,133,25,1
75,37,47,56,119,108,56,64,29,24,107,68,132,24,1
77,36,48,57,119,107,58,63,28,24,82,58,130,22,1
67,30,35,45,91,106,47,63,26,22,94,63,130,21,0
62,25,29,41,86,106,40,62,27,21,119,74,129,23,0
62,26,29,43,87,106,42,63,27,21,117,73,128,21,0
61,25,29,39,78,105,40,62,27,21,104,68,128,20,1
60,24,28,37,79,105,38,62,26,20,102,67,127,20,0
62,24,27,38,83,105,42,62,27,18,112,69,127,20,0
62,25,29,39,84,105,44,63,27,21,114,71,127,21,0
63,26,30,41,87,105,45,66,28,23,113,72,127,23,0
63,26,30,39,86,104,45,66,27,21,110,68,127,21,0
61,25,30,39,84,104,45,63,26,20,110,67,128,19,0
64,29,34,45,96,103,47,65,28,23,118,73,128,21,0
72,33,43,51,104,103,52,71,32,27,112,74,129,25,1
68,30,36,43,84,102,40,72,31,26,92,68,129,24,1
63,29,34,40,74,102,36,68,30,24,96,68,129,23,1
64,29,34,42,81,101,38,65,29,24,89,64,128,24,1
68,30,40,47,87,101,39,63,28,23,84,60,128,21,1
67,32,38,47,87,101,38,65,27,22,100,59,128,20,1
70,32,44,52,96,102,43,62,26,22,100,58,129,19,1
72,35,45,54,100,103,47,63,27,20,98,58,129,20,1
69,33,43,49,98,104,47,65,26,22,106,64,130,20,1
80,36,44,47,79,118,47,91,41,46,69,85,148,42,0
74,35,42,45,87,118,49,81,39,39,71,77,147,36,0
75,35,41,47,96,118,53,78,35,37,79,79,147,35,0
76,36,42,46,98,118,54,78,37,36,78,83,146,38,0
73,34,39,47,90,118,51,74,35,34,78,86,146,38,0
76,35,41,48,82,118,48,82,37,40,81,82,147,39,0
80,38,43,50,84,118,48,85,40,44,73,85,148,43,0
81,36,43,48,84,118,51,88,42,44,71,86,148,46,0
77,37,43,50,89,118,49,84,39,42,74,86,148,42,0
79,38,44,52,90,118,53,83,40,42,83,88,148,45,0
74,34,40,47,89,117,50,80,38,38,80,87,146,42,0
69,30,37,42,85,116,45,73,34,31,83,75,143,32,0
71,31,37,44,84,115,45,72,33,31,78,71,141,31,0
70,30,38,49,98,113,52,69,31,27,99,80,138,30,0
70,33,41,51,101,111,53,65,29,24,119,82,135,26,0
72,34,42,51,84,109,43,67,31,27,95,65,133,24,1
71,31,39,45,69,108,36,66,33,28,95,59,132,22,1
61,26,30,37,70,107,36,64,29,25,95,66,131,20,1
60,24,26,38,75,107,34,62,26,21,109,73,130,23,0
59,24,28,36,72,107,36,62,26,20,106,64,129,20,1
59,24,27,36,74,107,38,63,25,19,101,65,129,19,0
60,24,28,40,85,107,41,63,26,21,110,72,128,21,0
62,25,30,40,87,107,44,63,27,21,115,73,128,22,0
62,25,30,39,86,106,45,66,29,23,113,75,127,23,0
64,26,31,40,92,106,46,72,31,29,110,78,127,27,0
65,27,31,41,91,106,47,70,29,24,109,74,128,24,0
64,27,32,42,90,105,47,65,26,21,112,71,128,22,0
66,30,35,46,92,104,47,67,28,22,117,72,129,21,0
72,36,42,52,104,104,51,72,32,28,119,77,130,28,1
69,31,40,47,90,103,45,74,34,31,103,76,130,29,1
62,27,34,40,77,103,36,71,33,29,99,74,130,27,1
60,27,31,37,68,102,33,66,31,25,105,72,130,24,1
60,26,30,35,70,102,33,64,30,22,105,68,129,22,1
60,26,30,35,73,102,35,65,28,22,106,66,129,22,1
65,30,38,46,93,103,44,65,27,22,101,65,129,23,1
70,34,42,49,95,103,44,63,27,22,99,60,130,20,1
65,28,33,40,78,104,39,62,26,20,99,58,130,19,0
76,34,41,43,67,119,42,83,37,43,66,73,148,42,0
73,33,40,42,60,119,38,79,36,36,62,70,148,40,0
74,34,40,49,74,119,44,78,35,35,69,75,148,38,0
74,35,42,54,86,118,48,81,37,38,76,85,148,39,0
73,34,39,46,81,118,46,81,38,40,70,85,148,41,0
71,32,37,36,59,118,36,81,36,39,66,75,148,39,0
75,36,41,44,71,118,42,83,40,43,66,79,148,45,0
83,40,48,49,87,118,52,94,44,50,69,90,148,50,0
77,36,42,49,86,118,48,84,41,42,71,85,149,42,0
73,33,37,45,83,118,44,80,36,39,67,85,149,37,0
73,33,37,43,65,118,36,81,37,40,63,74,149,38,0
73,33,38,44,63,118,37,81,37,40,63,77,147,42,0
73,33,36,42,70,117,40,81,38,39,64,83,144,45,0
73,34,41,44,86,115,48,78,34,36,72,80,142,39,0
75,37,46,51,114,113,61,71,32,30,100,83,138,34,0
67,32,37,44,86,111,47,69,32,27,94,73,136,26,0
59,26,28,28,47,110,27,71,35,31,79,57,134,21,0
59,25,26,33,56,109,28,67,30,27,82,57,133,22,0
60,24,28,37,77,109,37,63,27,21,94,66,132,20,0
60,25,28,38,82,109,40,62,26,21,100,70,132,24,0
60,25,28,37,79,109,40,63,26,21,111,72,131,22,0
61,24,29,40,86,109,42,63,27,22,114,76,130,22,0
62,26,29,41,92,108,46,64,27,20,124,77,129,23,0
62,25,29,40,89,108,46,68,30,24,118,79,128,24,0
62,26,29,40,88,108,43,74,33,29,109,79,128,26,0
64,27,31,42,87,107,44,75,32,29,108,75,129,26,0
62,27,31,41,89,106,44,72,30,27,119,73,129,23,0
64,29,34,38,84,105,43,66,27,22,105,66,130,21,0
70,33,37,36,74,105,40,68,29,25,85,63,131,21,0
70,33,39,42,93,104,46,74,33,30,92,70,131,26,1
66,31,37,45,97,104,46,73,33,29,94,70,131,25,1
64,28,35,41,83,104,38,68,29,24,90,68,131,23,1
61,27,33,39,74,104,34,64,28,23,99,69,131,22,1
63,28,34,40,76,104,36,65,27,23,96,66,131,21,1
67,31,39,47,87,104,39,66,28,23,96,64,131,21,1
71,34,44,52,104,105,52,65,28,22,108,68,131,22,1
67,29,34,41,80,105,41,64,25,21,99,61,131,20,0
82,39,46,42,82,119,52,94,45,53,62,93,149,55,0
83,39,47,43,83,120,51,99,48,58,65,91,149,57,0
79,37,43,45,75,119,44,94,44,54,63,77,149,44,0
74,35,39,51,81,119,46,83,39,40,80,86,149,40,0
75,35,41,48,78,118,46,86,40,46,67,84,148,48,0
79,38,45,38,63,118,40,93,43,50,53,76,148,45,0
85,40,49,45,72,118,47,97,47,55,56,84,148,51,0
88,43,52,51,88,117,56,103,50,60,66,98,148,62,0
82,39,49,51,92,118,53,86,43,44,71,89,149,44,0
74,34,38,40,70,118,40,83,37,41,61,79,150,44,0
78,35,41,35,67,119,43,92,43,49,53,81,151,49,0
78,35,41,37,72,119,43,92,45,52,54,81,150,50,0
78,35,42,39,69,119,41,90,45,51,57,79,148,48,0
72,34,38,39,70,117,41,85,39,43,57,68,145,39,0
76,35,43,47,91,115,52,80,36,37,72,76,142,36,0
72,36,43,49,105,114,54,72,32,30,96,80,139,30,0
63,28,33,38,72,112,38,68,32,27,82,58,137,22,0
62,27,30,38,73,112,37,64,28,25,77,55,136,21,0
63,27,33,44,92,112,44,63,28,22,99,66,136,22,0
65,29,34,45,102,111,50,66,30,24,105,83,136,28,0
64,27,33,40,102,111,50,68,29,25,110,78,135,27,0
65,28,35,44,101,111,50,73,34,28,115,79,133,29,0
67,30,37,46,105,111,53,73,31,28,122,82,132,27,0
63,27,33,44,97,110,50,69,31,25,119,76,130,25,0
61,26,29,39,84,110,43,73,31,28,107,77,130,25,0
62,25,29,39,85,109,42,73,31,27,105,75,130,25,0
63,27,29,38,80,108,40,71,30,27,108,73,131,23,0
65,29,32,42,82,107,42,66,29,22,102,69,131,22,0
68,31,35,34,55,106,33,69,30,26,73,58,132,20,0
72,34,38,43,66,105,32,77,34,30,82,63,132,23,0
71,34,41,47,96,105,46,74,35,29,102,71,132,26,1
70,32,42,48,96,105,46,68,29,25,100,69,132,25,1
69,31,40,47,93,105,43,64,28,23,97,63,132,22,1
69,31,40,47,94,105,43,64,28,22,93,62,132,21,1
71,32,42,49,93,105,44,64,27,23,92,62,133,22,1
73,35,44,52,107,106,49,64,28,23,108,67,133,23,1
69,30,38,43,96,106,49,62,27,20,118,65,133,21,0
83,42,49,46,82,120,50,100,49,56,64,99,150,58,0
80,37,44,42,67,120,41,94,44,52,54,83,151,53,0
77,34,40,44,68,120,40,87,39,44,58,75,151,42,0
77,38,42,55,84,119,46,85,40,42,74,84,150,41,0
79,37,44,52,86,119,51,87,41,47,72,92,149,49,0
82,40,47,45,77,118,49,96,48,55,62,89,148,52,0
83,40,50,46,78,118,50,98,48,57,63,88,148,53,0
84,42,51,49,92,117,55,97,48,57,68,96,148,57,0
81,36,45,49,96,117,52,85,40,43,81,88,149,41,0
76,36,40,40,81,117,45,81,39,41,66,80,150,40,0
82,39,45,43,68,118,43,94,45,53,58,80,151,47,0
80,38,45,40,70,119,41,91,45,51,55,81,151,48,0
78,37,43,40,66,120,41,89,43,50,53,86,149,52,0
73,33,38,40,73,120,43,84,39,40,56,79,147,42,0
72,33,39,43,73,117,40,79,35,37,64,72,144,37,0
77,37,47,53,108,115,59,74,35,32,96,76,141,32,0
67,33,40,45,82,114,44,66,30,25,99,64,140,22,0
62,28,32,42,85,114,42,64,27,22,90,60,140,20,0
67,30,36,45,97,114,52,66,29,26,99,75,140,27,0
73,35,42,46,84,114,49,78,36,36,85,83,139,39,0
76,34,41,42,79,113,47,84,39,41,73,86,138,46,0
75,35,40,45,99,113,54,88,42,42,80,90,137,44,0
72,32,39,50,114,113,57,82,37,38,108,86,134,33,0
64,28,33,43,98,112,50,70,32,28,114,78,133,26,0
62,27,31,39,82,112,44,68,29,25,104,71,132,24,0
62,26,30,39,77,111,40,69,30,25,106,74,132,26,0
66,29,32,37,76,109,40,71,30,27,94,71,132,25,0
70,31,36,46,84,108,42,74,32,27,103,75,133,28,0
68,29,34,39,80,107,40,73,32,29,92,69,133,22,0
69,32,34,39,79,107,40,68,32,27,99,68,134,23,0
72,31,38,40,71,107,39,74,36,32,96,72,134,27,0
66,28,32,33,67,106,33,72,35,30,83,66,134,24,0
67,31,37,40,84,106,41,64,30,24,90,64,134,23,0
70,32,40,49,98,107,47,67,28,23,99,66,134,21,1
71,32,41,49,97,107,48,67,28,23,101,65,134,22,1
74,35,43,51,102,107,52,64,29,24,109,69,134,23,1
74,35,43,49,103,107,53,64,29,20,119,66,134,21,1
